-- phpMyAdmin SQL Dump
-- version 5.2.1
-- https://www.phpmyadmin.net/
--
-- Servidor: 127.0.0.1
-- Tiempo de generación: 29-06-2026 a las 03:03:05
-- Versión del servidor: 10.4.32-MariaDB
-- Versión de PHP: 8.2.12

SET SQL_MODE = "NO_AUTO_VALUE_ON_ZERO";
START TRANSACTION;
SET time_zone = "+00:00";


/*!40101 SET @OLD_CHARACTER_SET_CLIENT=@@CHARACTER_SET_CLIENT */;
/*!40101 SET @OLD_CHARACTER_SET_RESULTS=@@CHARACTER_SET_RESULTS */;
/*!40101 SET @OLD_COLLATION_CONNECTION=@@COLLATION_CONNECTION */;
/*!40101 SET NAMES utf8mb4 */;

--
-- Base de datos: `my_chemical_music`
--

-- --------------------------------------------------------

--
-- Estructura de tabla para la tabla `categorias`
--

CREATE TABLE `categorias` (
  `id_categoria` int(11) NOT NULL,
  `nombre` varchar(60) NOT NULL,
  `descripcion` varchar(150) DEFAULT NULL
) ENGINE=InnoDB DEFAULT CHARSET=utf8mb4 COLLATE=utf8mb4_general_ci;

--
-- Volcado de datos para la tabla `categorias`
--

INSERT INTO `categorias` (`id_categoria`, `nombre`, `descripcion`) VALUES
(1, 'Guitarras', 'Instrumentos de cuerda'),
(3, 'Cuerdas guitarra', 'Cuerdas de guitarra');

-- --------------------------------------------------------

--
-- Estructura de tabla para la tabla `clientes`
--

CREATE TABLE `clientes` (
  `id_cliente` int(11) NOT NULL,
  `nombre` varchar(50) NOT NULL,
  `apellido` varchar(50) NOT NULL,
  `telefono` varchar(30) DEFAULT NULL,
  `email` varchar(80) DEFAULT NULL,
  `direccion` varchar(120) DEFAULT NULL,
  `dni` varchar(20) DEFAULT NULL
) ENGINE=InnoDB DEFAULT CHARSET=utf8mb4 COLLATE=utf8mb4_general_ci;

--
-- Volcado de datos para la tabla `clientes`
--

INSERT INTO `clientes` (`id_cliente`, `nombre`, `apellido`, `telefono`, `email`, `direccion`, `dni`) VALUES
(1, 'tuntung', 'sahur', '6767', 'ttt@gmail.com', 'tt67', '676767');

-- --------------------------------------------------------

--
-- Estructura de tabla para la tabla `compras_proveedores`
--

CREATE TABLE `compras_proveedores` (
  `id_compra` int(11) NOT NULL,
  `id_proveedor` int(11) NOT NULL,
  `fecha` date NOT NULL,
  `total` decimal(10,2) NOT NULL
) ENGINE=InnoDB DEFAULT CHARSET=utf8mb4 COLLATE=utf8mb4_general_ci;

--
-- Volcado de datos para la tabla `compras_proveedores`
--

INSERT INTO `compras_proveedores` (`id_compra`, `id_proveedor`, `fecha`, `total`) VALUES
(1, 1, '2026-09-12', 30000.00);

-- --------------------------------------------------------

--
-- Estructura de tabla para la tabla `detalle_compras`
--

CREATE TABLE `detalle_compras` (
  `id_detalle_compra` int(11) NOT NULL,
  `id_compra` int(11) NOT NULL,
  `id_producto` int(11) NOT NULL,
  `cantidad` int(11) NOT NULL,
  `precio_compra` decimal(10,2) NOT NULL,
  `subtotal` decimal(10,2) NOT NULL
) ENGINE=InnoDB DEFAULT CHARSET=utf8mb4 COLLATE=utf8mb4_general_ci;

--
-- Volcado de datos para la tabla `detalle_compras`
--

INSERT INTO `detalle_compras` (`id_detalle_compra`, `id_compra`, `id_producto`, `cantidad`, `precio_compra`, `subtotal`) VALUES
(1, 1, 1, 1, 30000.00, 30000.00);

-- --------------------------------------------------------

--
-- Estructura de tabla para la tabla `detalle_ventas`
--

CREATE TABLE `detalle_ventas` (
  `id_detalle_venta` int(11) NOT NULL,
  `id_venta` int(11) NOT NULL,
  `id_producto` int(11) NOT NULL,
  `cantidad` int(11) NOT NULL,
  `precio_unitario` decimal(10,2) NOT NULL,
  `subtotal` decimal(10,2) NOT NULL
) ENGINE=InnoDB DEFAULT CHARSET=utf8mb4 COLLATE=utf8mb4_general_ci;

--
-- Volcado de datos para la tabla `detalle_ventas`
--

INSERT INTO `detalle_ventas` (`id_detalle_venta`, `id_venta`, `id_producto`, `cantidad`, `precio_unitario`, `subtotal`) VALUES
(1, 1, 1, 1, 350000.00, 350000.00);

-- --------------------------------------------------------

--
-- Estructura de tabla para la tabla `estados_servicio`
--

CREATE TABLE `estados_servicio` (
  `id_estado_servicio` int(11) NOT NULL,
  `nombre` varchar(40) NOT NULL
) ENGINE=InnoDB DEFAULT CHARSET=utf8mb4 COLLATE=utf8mb4_general_ci;

--
-- Volcado de datos para la tabla `estados_servicio`
--

INSERT INTO `estados_servicio` (`id_estado_servicio`, `nombre`) VALUES
(1, 'Pendiente'),
(2, 'En reparacion'),
(3, 'Listo para retirar'),
(4, 'Entregado');

-- --------------------------------------------------------

--
-- Estructura de tabla para la tabla `facturas`
--

CREATE TABLE `facturas` (
  `id_factura` int(11) NOT NULL,
  `id_venta` int(11) DEFAULT NULL,
  `id_servicio` int(11) DEFAULT NULL,
  `numero_factura` varchar(30) NOT NULL,
  `tipo_factura` varchar(10) NOT NULL,
  `fecha` date NOT NULL,
  `total` decimal(10,2) NOT NULL
) ENGINE=InnoDB DEFAULT CHARSET=utf8mb4 COLLATE=utf8mb4_general_ci;

--
-- Volcado de datos para la tabla `facturas`
--

INSERT INTO `facturas` (`id_factura`, `id_venta`, `id_servicio`, `numero_factura`, `tipo_factura`, `fecha`, `total`) VALUES
(1, 1, NULL, 'F0001', 'B', '2026-06-12', 350000.00);

-- --------------------------------------------------------

--
-- Estructura de tabla para la tabla `marcas`
--

CREATE TABLE `marcas` (
  `id_marca` int(11) NOT NULL,
  `nombre` varchar(60) NOT NULL
) ENGINE=InnoDB DEFAULT CHARSET=utf8mb4 COLLATE=utf8mb4_general_ci;

--
-- Volcado de datos para la tabla `marcas`
--

INSERT INTO `marcas` (`id_marca`, `nombre`) VALUES
(1, 'Fender'),
(3, 'Pearl'),
(4, 'Earnie ball');

-- --------------------------------------------------------

--
-- Estructura de tabla para la tabla `medios_pago`
--

CREATE TABLE `medios_pago` (
  `id_medio_pago` int(11) NOT NULL,
  `nombre` varchar(40) NOT NULL
) ENGINE=InnoDB DEFAULT CHARSET=utf8mb4 COLLATE=utf8mb4_general_ci;

--
-- Volcado de datos para la tabla `medios_pago`
--

INSERT INTO `medios_pago` (`id_medio_pago`, `nombre`) VALUES
(1, 'Efectivo'),
(2, 'Transferencia');

-- --------------------------------------------------------

--
-- Estructura de tabla para la tabla `productos`
--

CREATE TABLE `productos` (
  `id_producto` int(11) NOT NULL,
  `nombre` varchar(80) NOT NULL,
  `descripcion` varchar(200) DEFAULT NULL,
  `precio_venta` decimal(10,2) NOT NULL,
  `stock` int(11) NOT NULL,
  `stock_minimo` int(11) DEFAULT 0,
  `id_categoria` int(11) NOT NULL,
  `id_marca` int(11) NOT NULL,
  `id_proveedor` int(11) NOT NULL
) ENGINE=InnoDB DEFAULT CHARSET=utf8mb4 COLLATE=utf8mb4_general_ci;

--
-- Volcado de datos para la tabla `productos`
--

INSERT INTO `productos` (`id_producto`, `nombre`, `descripcion`, `precio_venta`, `stock`, `stock_minimo`, `id_categoria`, `id_marca`, `id_proveedor`) VALUES
(1, 'Guitarra Stratocaster', 'Guitarra electrica color negro', 350000.00, 5, 1, 1, 1, 1),
(3, 'Cuerdas', 'Cuerdas guitarra', 5900.00, 67, 1, 3, 4, 2);

-- --------------------------------------------------------

--
-- Estructura de tabla para la tabla `proveedores`
--

CREATE TABLE `proveedores` (
  `id_proveedor` int(11) NOT NULL,
  `nombre` varchar(80) NOT NULL,
  `telefono` varchar(30) DEFAULT NULL,
  `email` varchar(80) DEFAULT NULL,
  `direccion` varchar(120) DEFAULT NULL,
  `cuit` varchar(20) DEFAULT NULL
) ENGINE=InnoDB DEFAULT CHARSET=utf8mb4 COLLATE=utf8mb4_general_ci;

--
-- Volcado de datos para la tabla `proveedores`
--

INSERT INTO `proveedores` (`id_proveedor`, `nombre`, `telefono`, `email`, `direccion`, `cuit`) VALUES
(1, 'Proveedor Musical', '1122334455', 'proveedor@email.com', 'Av. Siempre Viva 123', '20-12345678-9'),
(2, 'prov1', '67', '67@gmail.com', '67prov1', '6767');

-- --------------------------------------------------------

--
-- Estructura de tabla para la tabla `servicios`
--

CREATE TABLE `servicios` (
  `id_servicio` int(11) NOT NULL,
  `id_cliente` int(11) NOT NULL,
  `instrumento` varchar(80) NOT NULL,
  `descripcion` varchar(250) NOT NULL,
  `fecha_ingreso` date NOT NULL,
  `fecha_entrega` date DEFAULT NULL,
  `precio` decimal(10,2) DEFAULT NULL,
  `id_estado_servicio` int(11) NOT NULL
) ENGINE=InnoDB DEFAULT CHARSET=utf8mb4 COLLATE=utf8mb4_general_ci;

--
-- Volcado de datos para la tabla `servicios`
--

INSERT INTO `servicios` (`id_servicio`, `id_cliente`, `instrumento`, `descripcion`, `fecha_ingreso`, `fecha_entrega`, `precio`, `id_estado_servicio`) VALUES
(1, 1, 'guitarra', 'calibracion', '2026-09-09', '2026-09-15', 9000.00, 2),
(2, 1, 'guitarra 2', 'calibrar 2da guitarra', '2026-08-22', '2026-09-12', 12900.00, 1);

-- --------------------------------------------------------

--
-- Estructura de tabla para la tabla `ventas`
--

CREATE TABLE `ventas` (
  `id_venta` int(11) NOT NULL,
  `id_cliente` int(11) NOT NULL,
  `fecha` date NOT NULL,
  `total` decimal(10,2) NOT NULL,
  `id_medio_pago` int(11) NOT NULL
) ENGINE=InnoDB DEFAULT CHARSET=utf8mb4 COLLATE=utf8mb4_general_ci;

--
-- Volcado de datos para la tabla `ventas`
--

INSERT INTO `ventas` (`id_venta`, `id_cliente`, `fecha`, `total`, `id_medio_pago`) VALUES
(1, 1, '2026-06-12', 350000.00, 2);

--
-- Índices para tablas volcadas
--

--
-- Indices de la tabla `categorias`
--
ALTER TABLE `categorias`
  ADD PRIMARY KEY (`id_categoria`);

--
-- Indices de la tabla `clientes`
--
ALTER TABLE `clientes`
  ADD PRIMARY KEY (`id_cliente`);

--
-- Indices de la tabla `compras_proveedores`
--
ALTER TABLE `compras_proveedores`
  ADD PRIMARY KEY (`id_compra`),
  ADD KEY `id_proveedor` (`id_proveedor`);

--
-- Indices de la tabla `detalle_compras`
--
ALTER TABLE `detalle_compras`
  ADD PRIMARY KEY (`id_detalle_compra`),
  ADD KEY `id_compra` (`id_compra`),
  ADD KEY `id_producto` (`id_producto`);

--
-- Indices de la tabla `detalle_ventas`
--
ALTER TABLE `detalle_ventas`
  ADD PRIMARY KEY (`id_detalle_venta`),
  ADD KEY `id_venta` (`id_venta`),
  ADD KEY `id_producto` (`id_producto`);

--
-- Indices de la tabla `estados_servicio`
--
ALTER TABLE `estados_servicio`
  ADD PRIMARY KEY (`id_estado_servicio`);

--
-- Indices de la tabla `facturas`
--
ALTER TABLE `facturas`
  ADD PRIMARY KEY (`id_factura`),
  ADD UNIQUE KEY `id_venta` (`id_venta`),
  ADD UNIQUE KEY `id_servicio` (`id_servicio`);

--
-- Indices de la tabla `marcas`
--
ALTER TABLE `marcas`
  ADD PRIMARY KEY (`id_marca`);

--
-- Indices de la tabla `medios_pago`
--
ALTER TABLE `medios_pago`
  ADD PRIMARY KEY (`id_medio_pago`);

--
-- Indices de la tabla `productos`
--
ALTER TABLE `productos`
  ADD PRIMARY KEY (`id_producto`),
  ADD KEY `id_categoria` (`id_categoria`),
  ADD KEY `id_marca` (`id_marca`),
  ADD KEY `id_proveedor` (`id_proveedor`);

--
-- Indices de la tabla `proveedores`
--
ALTER TABLE `proveedores`
  ADD PRIMARY KEY (`id_proveedor`);

--
-- Indices de la tabla `servicios`
--
ALTER TABLE `servicios`
  ADD PRIMARY KEY (`id_servicio`),
  ADD KEY `id_cliente` (`id_cliente`),
  ADD KEY `id_estado_servicio` (`id_estado_servicio`);

--
-- Indices de la tabla `ventas`
--
ALTER TABLE `ventas`
  ADD PRIMARY KEY (`id_venta`),
  ADD KEY `id_cliente` (`id_cliente`),
  ADD KEY `id_medio_pago` (`id_medio_pago`);

--
-- AUTO_INCREMENT de las tablas volcadas
--

--
-- AUTO_INCREMENT de la tabla `categorias`
--
ALTER TABLE `categorias`
  MODIFY `id_categoria` int(11) NOT NULL AUTO_INCREMENT, AUTO_INCREMENT=4;

--
-- AUTO_INCREMENT de la tabla `clientes`
--
ALTER TABLE `clientes`
  MODIFY `id_cliente` int(11) NOT NULL AUTO_INCREMENT, AUTO_INCREMENT=2;

--
-- AUTO_INCREMENT de la tabla `compras_proveedores`
--
ALTER TABLE `compras_proveedores`
  MODIFY `id_compra` int(11) NOT NULL AUTO_INCREMENT, AUTO_INCREMENT=2;

--
-- AUTO_INCREMENT de la tabla `detalle_compras`
--
ALTER TABLE `detalle_compras`
  MODIFY `id_detalle_compra` int(11) NOT NULL AUTO_INCREMENT, AUTO_INCREMENT=2;

--
-- AUTO_INCREMENT de la tabla `detalle_ventas`
--
ALTER TABLE `detalle_ventas`
  MODIFY `id_detalle_venta` int(11) NOT NULL AUTO_INCREMENT, AUTO_INCREMENT=2;

--
-- AUTO_INCREMENT de la tabla `estados_servicio`
--
ALTER TABLE `estados_servicio`
  MODIFY `id_estado_servicio` int(11) NOT NULL AUTO_INCREMENT, AUTO_INCREMENT=5;

--
-- AUTO_INCREMENT de la tabla `facturas`
--
ALTER TABLE `facturas`
  MODIFY `id_factura` int(11) NOT NULL AUTO_INCREMENT, AUTO_INCREMENT=2;

--
-- AUTO_INCREMENT de la tabla `marcas`
--
ALTER TABLE `marcas`
  MODIFY `id_marca` int(11) NOT NULL AUTO_INCREMENT, AUTO_INCREMENT=5;

--
-- AUTO_INCREMENT de la tabla `medios_pago`
--
ALTER TABLE `medios_pago`
  MODIFY `id_medio_pago` int(11) NOT NULL AUTO_INCREMENT, AUTO_INCREMENT=3;

--
-- AUTO_INCREMENT de la tabla `productos`
--
ALTER TABLE `productos`
  MODIFY `id_producto` int(11) NOT NULL AUTO_INCREMENT, AUTO_INCREMENT=4;

--
-- AUTO_INCREMENT de la tabla `proveedores`
--
ALTER TABLE `proveedores`
  MODIFY `id_proveedor` int(11) NOT NULL AUTO_INCREMENT, AUTO_INCREMENT=3;

--
-- AUTO_INCREMENT de la tabla `servicios`
--
ALTER TABLE `servicios`
  MODIFY `id_servicio` int(11) NOT NULL AUTO_INCREMENT, AUTO_INCREMENT=3;

--
-- AUTO_INCREMENT de la tabla `ventas`
--
ALTER TABLE `ventas`
  MODIFY `id_venta` int(11) NOT NULL AUTO_INCREMENT, AUTO_INCREMENT=2;

--
-- Restricciones para tablas volcadas
--

--
-- Filtros para la tabla `compras_proveedores`
--
ALTER TABLE `compras_proveedores`
  ADD CONSTRAINT `compras_proveedores_ibfk_1` FOREIGN KEY (`id_proveedor`) REFERENCES `proveedores` (`id_proveedor`);

--
-- Filtros para la tabla `detalle_compras`
--
ALTER TABLE `detalle_compras`
  ADD CONSTRAINT `detalle_compras_ibfk_1` FOREIGN KEY (`id_compra`) REFERENCES `compras_proveedores` (`id_compra`),
  ADD CONSTRAINT `detalle_compras_ibfk_2` FOREIGN KEY (`id_producto`) REFERENCES `productos` (`id_producto`);

--
-- Filtros para la tabla `detalle_ventas`
--
ALTER TABLE `detalle_ventas`
  ADD CONSTRAINT `detalle_ventas_ibfk_1` FOREIGN KEY (`id_venta`) REFERENCES `ventas` (`id_venta`),
  ADD CONSTRAINT `detalle_ventas_ibfk_2` FOREIGN KEY (`id_producto`) REFERENCES `productos` (`id_producto`);

--
-- Filtros para la tabla `facturas`
--
ALTER TABLE `facturas`
  ADD CONSTRAINT `facturas_ibfk_1` FOREIGN KEY (`id_venta`) REFERENCES `ventas` (`id_venta`),
  ADD CONSTRAINT `facturas_ibfk_2` FOREIGN KEY (`id_servicio`) REFERENCES `servicios` (`id_servicio`);

--
-- Filtros para la tabla `productos`
--
ALTER TABLE `productos`
  ADD CONSTRAINT `productos_ibfk_1` FOREIGN KEY (`id_categoria`) REFERENCES `categorias` (`id_categoria`),
  ADD CONSTRAINT `productos_ibfk_2` FOREIGN KEY (`id_marca`) REFERENCES `marcas` (`id_marca`),
  ADD CONSTRAINT `productos_ibfk_3` FOREIGN KEY (`id_proveedor`) REFERENCES `proveedores` (`id_proveedor`);

--
-- Filtros para la tabla `servicios`
--
ALTER TABLE `servicios`
  ADD CONSTRAINT `servicios_ibfk_1` FOREIGN KEY (`id_cliente`) REFERENCES `clientes` (`id_cliente`),
  ADD CONSTRAINT `servicios_ibfk_2` FOREIGN KEY (`id_estado_servicio`) REFERENCES `estados_servicio` (`id_estado_servicio`);

--
-- Filtros para la tabla `ventas`
--
ALTER TABLE `ventas`
  ADD CONSTRAINT `ventas_ibfk_1` FOREIGN KEY (`id_cliente`) REFERENCES `clientes` (`id_cliente`),
  ADD CONSTRAINT `ventas_ibfk_2` FOREIGN KEY (`id_medio_pago`) REFERENCES `medios_pago` (`id_medio_pago`);
COMMIT;

/*!40101 SET CHARACTER_SET_CLIENT=@OLD_CHARACTER_SET_CLIENT */;
/*!40101 SET CHARACTER_SET_RESULTS=@OLD_CHARACTER_SET_RESULTS */;
/*!40101 SET COLLATION_CONNECTION=@OLD_COLLATION_CONNECTION */;
